<?xml version="1.0" encoding="utf-8"?>
<!--/1041394/1716611/2.50/5/3/Variable Resistor/-->
<quadcept_library>
  <setting unit="mil" />
  <textstyle name="Default" height="47.244094488189" strokewidth="7.8740157480315" charwidth="47.244094488189" />
  <textstyle name="Dimension" height="19.6850393700787" strokewidth="0" charwidth="19.6850393700787" />
  <textstyle name="H127W0635TH00762" height="50" strokewidth="3" charwidth="25" />
  <textstyle name="H15W15TH02" height="59.0551181102362" strokewidth="7.8740157480315" charwidth="59.0551181102362" />
  <padstyle name="c225_h150" surface="False" plated="True" isvia="False" nopaste="True" nomask="True" complex="False" holesize="59.055118110235">
    <padshape layer="TOP" shape="round" width="88.582677165353" height="88.582677165353" />
    <padshape layer="TOP_SOLDER_MASK" shape="round" width="96.456692913385" height="96.456692913385" />
    <padshape layer="INNER" shape="round" width="88.582677165353" height="88.582677165353" />
    <padshape layer="BOTTOM" shape="round" width="88.582677165353" height="88.582677165353" />
    <padshape layer="BOTTOM_SOLDER_MASK" shape="round" width="96.456692913385" height="96.456692913385" />
  </padstyle>
  <padstyle name="s225_h150" surface="False" plated="True" isvia="False" nopaste="True" nomask="True" complex="False" holesize="59.055118110235">
    <padshape layer="TOP" shape="square" width="88.582677165353" height="88.582677165353" />
    <padshape layer="TOP_SOLDER_MASK" shape="square" width="96.456692913385" height="96.456692913385" />
    <padshape layer="INNER" shape="square" width="88.582677165353" height="88.582677165353" />
    <padshape layer="BOTTOM" shape="square" width="88.582677165353" height="88.582677165353" />
    <padshape layer="BOTTOM_SOLDER_MASK" shape="square" width="96.456692913385" height="96.456692913385" />
  </padstyle>
  <padstyle name="c300_h200" surface="False" plated="True" isvia="False" nopaste="True" nomask="True" complex="False" holesize="78.740157480314">
    <padshape layer="TOP" shape="round" width="118.11023622047" height="118.11023622047" />
    <padshape layer="TOP_SOLDER_MASK" shape="round" width="125.9842519685" height="125.9842519685" />
    <padshape layer="INNER" shape="round" width="118.11023622047" height="118.11023622047" />
    <padshape layer="BOTTOM" shape="round" width="118.11023622047" height="118.11023622047" />
    <padshape layer="BOTTOM_SOLDER_MASK" shape="round" width="125.9842519685" height="125.9842519685" />
  </padstyle>
  <footprint name="PTB01432010BPA103" originx="0" originy="0" pickpointx="0" pickpointy="0">
    <pcbpin number="1" name="1" style="s225_h150" originx="0" originy="0" rotation="90" />
    <pcbpin number="2" name="2" style="c225_h150" originx="0" originy="-149.6062992126" rotation="90" />
    <pcbpin number="3" name="3" style="c225_h150" originx="-5019.68503937" originy="0" rotation="90" />
    <pcbpin number="4" name="MH1" style="c300_h200" originx="-789.37007874015" originy="37.401574803149" rotation="90" />
    <pcbpin number="5" name="MH2" style="c300_h200" originx="-4037.4015748031" originy="37.401574803149" rotation="90" />
    <line layer="TOP_ASSEMBLY" originx="-5029.5275590551" originy="-257.87401574803" endx="9.8425196850392" endy="-257.87401574803" width="3.9370078740157" />
    <line layer="TOP_ASSEMBLY" originx="9.8425196850392" originy="-257.87401574803" endx="9.8425196850392" endy="332.67716535433" width="3.9370078740157" />
    <line layer="TOP_ASSEMBLY" originx="9.8425196850392" originy="332.67716535433" endx="-5029.5275590551" endy="332.67716535433" width="3.9370078740157" />
    <line layer="TOP_ASSEMBLY" originx="-5029.5275590551" originy="332.67716535433" endx="-5029.5275590551" endy="-257.87401574803" width="3.9370078740157" />
    <line layer="TOP_PLACE_BOUND" originx="-5103.3464566929" originy="372.04724409448" endx="83.661417322834" endy="372.04724409448" width="3.9370078740157" />
    <line layer="TOP_PLACE_BOUND" originx="83.661417322834" originy="372.04724409448" endx="83.661417322834" endy="-297.24409448819" width="3.9370078740157" />
    <line layer="TOP_PLACE_BOUND" originx="83.661417322834" originy="-297.24409448819" endx="-5103.3464566929" endy="-297.24409448819" width="3.9370078740157" />
    <line layer="TOP_PLACE_BOUND" originx="-5103.3464566929" originy="-297.24409448819" endx="-5103.3464566929" endy="372.04724409448" width="3.9370078740157" />
    <line layer="TOP_SILKSCREEN" originx="-5029.5275590551" originy="-55.11811023622" endx="-5029.5275590551" endy="-257.87401574803" width="7.8740157480314" />
    <line layer="TOP_SILKSCREEN" originx="-5029.5275590551" originy="-257.87401574803" endx="9.8425196850392" endy="-259.84251968504" width="7.8740157480314" />
    <line layer="TOP_SILKSCREEN" originx="9.8425196850392" originy="-259.84251968504" endx="9.8425196850392" endy="-204.72440944882" width="7.8740157480314" />
    <line layer="TOP_SILKSCREEN" originx="9.8425196850392" originy="55.11811023622" endx="9.8425196850392" endy="332.67716535433" width="7.8740157480314" />
    <line layer="TOP_SILKSCREEN" originx="9.8425196850392" originy="332.67716535433" endx="-5029.5275590551" endy="332.67716535433" width="7.8740157480314" />
    <line layer="TOP_SILKSCREEN" originx="-5029.5275590551" originy="332.67716535433" endx="-5029.5275590551" endy="55.11811023622" width="7.8740157480314" />
    <line layer="TOP_SILKSCREEN" originx="62.992125984251" originy="0" endx="62.992125984251" endy="0" width="3.9370078740157" />
    <arc layer="TOP_SILKSCREEN" originx="64.960629921259" originy="0" startangle="-180.0" sweepangle="180.0" radius="1.9685039370079" width="3.9370078740157" />
    <line layer="TOP_SILKSCREEN" originx="66.929133858267" originy="0" endx="66.929133858267" endy="0" width="3.9370078740157" />
    <arc layer="TOP_SILKSCREEN" originx="64.960629921259" originy="0" startangle=".0" sweepangle="180.0" radius="1.9685039370079" width="3.9370078740157" />
  </footprint>
  <symbol name="PTB0143-2010BPA103" originx="0" originy="0">
    <line originx="200" originy="100" endx="1000" endy="100" width="0" />
    <line originx="1000" originy="-300" endx="1000" endy="100" width="0" />
    <line originx="1000" originy="-300" endx="200" endy="-300" width="0" />
    <line originx="200" originy="100" endx="200" endy="-300" width="0" />
    <sympin number="1" originx="200" originy="0" rotation="180" length="100" width="7.8740157480315" flipped="False">
      <text name="pinname" originx="230" originy="0" style="Default" rotation="0" justify="left" flipped="False" hidden="False" data="CCW" />
      <text name="pindes" originx="140" originy="20" style="Default" rotation="0" justify="lowerright" flipped="False" hidden="False" data="1" />
    </sympin>
    <sympin number="2" originx="200" originy="-100" rotation="180" length="100" width="7.8740157480315" flipped="False">
      <text name="pinname" originx="230" originy="-100" style="Default" rotation="0" justify="left" flipped="False" hidden="False" data="WIPER_" />
      <text name="pindes" originx="140" originy="-80" style="Default" rotation="0" justify="lowerright" flipped="False" hidden="False" data="2" />
    </sympin>
    <sympin number="3" originx="200" originy="-200" rotation="180" length="100" width="7.8740157480315" flipped="False">
      <text name="pinname" originx="230" originy="-200" style="Default" rotation="0" justify="left" flipped="False" hidden="False" data="CW" />
      <text name="pindes" originx="140" originy="-180" style="Default" rotation="0" justify="lowerright" flipped="False" hidden="False" data="3" />
    </sympin>
    <sympin number="4" originx="1000" originy="0" rotation="0" length="100" width="7.8740157480315" flipped="False">
      <text name="pinname" originx="970" originy="0" style="Default" rotation="0" justify="right" flipped="False" hidden="False" data="MH1" />
      <text name="pindes" originx="1060" originy="20" style="Default" rotation="0" justify="lowerleft" flipped="False" hidden="False" data="MH1" />
    </sympin>
    <sympin number="5" originx="1000" originy="-100" rotation="0" length="100" width="7.8740157480315" flipped="False">
      <text name="pinname" originx="970" originy="-100" style="Default" rotation="0" justify="right" flipped="False" hidden="False" data="MH2" />
      <text name="pindes" originx="1060" originy="-80" style="Default" rotation="0" justify="lowerleft" flipped="False" hidden="False" data="MH2" />
    </sympin>
  </symbol>
  <component name="PTB0143-2010BPA103" designatorprefix="VR" height="708.66141732283" footprint="PTB01432010BPA103">
    <comppin designator="1" sympin="1" pinswap="0" gateswap="0" gate="1" group="1" side="" type="Any" name="CCW" />
    <comppin designator="2" sympin="2" pinswap="0" gateswap="0" gate="1" group="1" side="" type="Any" name="WIPER_" />
    <comppin designator="3" sympin="3" pinswap="0" gateswap="0" gate="1" group="1" side="" type="Any" name="CW" />
    <comppin designator="MH1" sympin="4" pinswap="0" gateswap="0" gate="1" group="1" side="" type="Any" name="MH1" />
    <comppin designator="MH2" sympin="5" pinswap="0" gateswap="0" gate="1" group="1" side="" type="Any" name="MH2" />
    <attached_symbol gate="1" name="PTB0143-2010BPA103" />
    <pinmap designator="1" footprintpin="1" />
    <pinmap designator="2" footprintpin="2" />
    <pinmap designator="3" footprintpin="3" />
    <pinmap designator="MH1" footprintpin="4" />
    <pinmap designator="MH2" footprintpin="5" />
    <text name="Datasheet" originx="0" originy="0" style="Default" rotation="0" justify="" flipped="False" hidden="True" data="https://www.bourns.com/docs/product-datasheets/ptb.pdf" />
    <text name="Description" originx="0" originy="0" style="Default" rotation="0" justify="" flipped="False" hidden="True" data="10 kOhms 0.25W, 1/4W Through Hole Slide Potentiometer Top Adjustment Type" />
    <text name="Mouser Part Number" originx="0" originy="0" style="Default" rotation="0" justify="" flipped="False" hidden="True" data="652-PTB1432010BPA103" />
    <text name="Mouser Price/Stock" originx="0" originy="0" style="Default" rotation="0" justify="" flipped="False" hidden="True" data="https://www.mouser.co.uk/ProductDetail/Bourns/PTB0143-2010BPA103?qs=h2IHEVivlqBK9DJYgx59Pg%3D%3D" />
    <text name="Manufacturer_Name" originx="0" originy="0" style="Default" rotation="0" justify="" flipped="False" hidden="True" data="Bourns" />
    <text name="Manufacturer_Part_Number" originx="1050" originy="200" style="Default" rotation="0" justify="left" flipped="False" hidden="False" data="PTB0143-2010BPA103" />
  </component>
</quadcept_library>
